minifigs,image,name,pieces
5,https://images.brickset.com/sets/small/10251-1.jpg?201510121127,Brick Bank,2380
,https://images.brickset.com/sets/small/10252-1.jpg?201606140214,Volkswagen Beetle,1167
,https://images.brickset.com/sets/small/10253-1.jpg?201605190256,Big Ben,4163
5,https://images.brickset.com/sets/small/10254-1.jpg?201608110306,Winter Holiday Train,734
,https://images.brickset.com/sets/small/10654-1.jpg?201609271134,XL Creative Brick Box,1600
,https://images.brickset.com/sets/small/10702-1.jpg?201511230710,Creative Building Set,583
,https://images.brickset.com/sets/small/10705-1.jpg?201605201119,Creative Building Basket,1000
2,https://images.brickset.com/sets/small/10720-1.jpg?201601050913,Police Helicopter Chase,63
2,https://images.brickset.com/sets/small/10721-1.jpg?201601050913,Iron Man vs. Loki,66
2,https://images.brickset.com/sets/small/10722-1.jpg?201601050913,Snake Showdown,92
1,https://images.brickset.com/sets/small/10723-1.jpg?201601050913,Ariel's Dolphin Carriage,70
3,https://images.brickset.com/sets/small/10724-1.jpg?201605201119,Batman & Superman vs. Lex Luthor,164
3,https://images.brickset.com/sets/small/10725-1.jpg?201601050913,Lost Temple,172
1,https://images.brickset.com/sets/small/10726-1.jpg?201605201119,Stephanie's Horse Carriage,58
2,https://images.brickset.com/sets/small/10727-1.jpg?201605201119,Emma's Ice Cream Truck,136
2,https://images.brickset.com/sets/small/10728-1.jpg?201605201119,Mia's Vet Clinic,173
2,https://images.brickset.com/sets/small/10729-1.jpg?201601050913,Cinderella's Carriage,116
,https://images.brickset.com/sets/small/10801-1.jpg?201511230710,Baby Animals,13
1,https://images.brickset.com/sets/small/10802-1.jpg?201511230710,Savanna,18
2,https://images.brickset.com/sets/small/10803-1.jpg?201511230710,Arctic,40
2,https://images.brickset.com/sets/small/10804-1.jpg?201511230710,Jungle,86
5,https://images.brickset.com/sets/small/10805-1.jpg?201601050913,Around the World,163
1,https://images.brickset.com/sets/small/10806-1.jpg?201511230710,Horses,20
2,https://images.brickset.com/sets/small/10807-1.jpg?201511230710,Horse Trailer,15
1,https://images.brickset.com/sets/small/10808-1.jpg?201511230710,Little Plane,13
2,https://images.brickset.com/sets/small/10809-1.jpg?201511230710,Police Patrol,15
2,https://images.brickset.com/sets/small/10810-1.jpg?201605201119,Push Train,45
1,https://images.brickset.com/sets/small/10811-1.jpg?201605201119,Backhoe Loader,19
2,https://images.brickset.com/sets/small/10812-1.jpg?201605201119,Truck & Tracked Excavator,28
3,https://images.brickset.com/sets/small/10813-1.jpg?201605201119,Big Construction Site,67
2,https://images.brickset.com/sets/small/10814-1.jpg?201511230710,Tow Truck,28
,https://images.brickset.com/sets/small/10815-1.jpg?201511230710,My First Rocket,18
,https://images.brickset.com/sets/small/10816-1.jpg?201511230710,My First Cars and Trucks,36
,https://images.brickset.com/sets/small/10817-1.jpg?201511230710,Creative Chest,70
2,https://images.brickset.com/sets/small/10818-1.jpg?201511230710,My First Truck,29
2,https://images.brickset.com/sets/small/10819-1.jpg?201511230710,My First Garden,25
2,https://images.brickset.com/sets/small/10820-1.jpg?201605201119,Creative Construction Basket,110
1,https://images.brickset.com/sets/small/10822-1.jpg?201605201119,Sofia the First Magical Carriage,30
1,https://images.brickset.com/sets/small/10824-1.jpg?201511230710,Miles' Space Adventures,23
1,https://images.brickset.com/sets/small/10825-1.jpg?201605201119,Miles' Exo-Flex Suit,37
1,https://images.brickset.com/sets/small/10826-1.jpg?201511230710,Miles' Stellosphere Hangar,44
3,https://images.brickset.com/sets/small/10827-1.jpg?201605200842,Mickey & Friends Beach House,48
1,https://images.brickset.com/sets/small/10828-1.jpg?201605201119,Doc McStuffins' Pet Vet Care,30
1,https://images.brickset.com/sets/small/10829-1.jpg?201511230710,Mickey's Workshop,18
1,https://images.brickset.com/sets/small/10830-1.jpg?201511230710,Minnie's Café,27
,https://images.brickset.com/sets/small/10831-1.jpg?201511230710,My First Caterpillar,19
,https://images.brickset.com/sets/small/11911-1.jpg?201708220151,City: Build Your Own Adventure parts,
1,/assets/images/misc/blankbox.gif,LEGO Star Wars: Build Your Own Adventure,73
,https://images.brickset.com/sets/small/21026-1.jpg?201511230710,Venice,212
,https://images.brickset.com/sets/small/21027-1.jpg?201511230710,Berlin,289
,https://images.brickset.com/sets/small/21028-1.jpg?201511230710,New York City,598
,https://images.brickset.com/sets/small/21029-1.jpg?201608210825,Buckingham Palace,780
,https://images.brickset.com/sets/small/21030-1.jpg?201608210825,United States Capitol Building,1032
,https://images.brickset.com/sets/small/21031-1.jpg?201511230710,Burj Khalifa,333
2,https://images.brickset.com/sets/small/21123-1.jpg?201602281011,The Iron Golem,208
3,https://images.brickset.com/sets/small/21124-1.jpg?201602281011,The End Portal,559
4,https://images.brickset.com/sets/small/21125-1.jpg?201602281011,The Jungle Tree House,706
3,https://images.brickset.com/sets/small/21126-1.jpg?201602281011,The Wither,318
4,https://images.brickset.com/sets/small/21127-1.jpg?201608210825,The Fortress,984
8,https://images.brickset.com/sets/small/21128-1.jpg?201604140258,The Village,1600
,https://images.brickset.com/sets/small/21305-1.jpg?201603050915,Maze,769
5,https://images.brickset.com/sets/small/21306-1.jpg?201610150938,The Beatles Yellow Submarine,553
,https://images.brickset.com/sets/small/21307-1.jpg?201610041154,Caterham Seven 620R,771
,https://images.brickset.com/sets/small/30277-1.jpg?201601031117,First Order Star Destroyer,56
,https://images.brickset.com/sets/small/30278-1.jpg?201601150931,Poe's X-wing Fighter,64
,https://images.brickset.com/sets/small/30279-1.jpg?201601181009,Kylo Ren's Command Shuttle,43
,https://images.brickset.com/sets/small/30321-1.jpg?201602281011,Duck,4
,https://images.brickset.com/sets/small/30322-1.jpg?201604260242,Wildlife {Random bag},7
,https://images.brickset.com/sets/small/30322-2.jpg?201604260247,Wildlife - Polar Bear,
,https://images.brickset.com/sets/small/30322-3.jpg?201604260247,Wildlife - Penguin,
,https://images.brickset.com/sets/small/30322-4.jpg?201604260246,Wildlife - Tortoise,
,https://images.brickset.com/sets/small/30322-5.jpg?201604260246,Wildlife - Lion Cub,
,https://images.brickset.com/sets/small/30322-6.jpg?201604260246,Wildlife - Elephant,
1,https://images.brickset.com/sets/small/30346-1.jpg?201601050923,Prison Island Helicopter,46
1,https://images.brickset.com/sets/small/30347-1.jpg?201603060839,Fire Car,53
1,https://images.brickset.com/sets/small/30348-1.jpg?201601050923,Mini Dumper,45
1,https://images.brickset.com/sets/small/30349-1.jpg?201601050923,Sports Car,47
1,https://images.brickset.com/sets/small/30350-1.jpg?201607190200,Volcano Jackhammer,53
1,https://images.brickset.com/sets/small/30371-1.jpg?201512160947,Knight's Cycle,38
1,https://images.brickset.com/sets/small/30372-1.jpg?201602150901,Robin's Mini Fortrex,45
1,https://images.brickset.com/sets/small/30373-1.jpg?201601191158,Knighton Hyper Cannon,43
1,https://images.brickset.com/sets/small/30374-1.jpg?201511180805,The Lava Slinger,40
1,https://images.brickset.com/sets/small/30375-1.jpg?201602230650,Sira's Adventurous Airglider,24
1,https://images.brickset.com/sets/small/30396-1.jpg?201606281050,Cupcake Stall,28
1,https://images.brickset.com/sets/small/30397-1.jpg?201602010902,Olaf's Summertime Fun,48
1,https://images.brickset.com/sets/small/30398-1.jpg?201601150931,Adventure Camp Bridge,37
1,https://images.brickset.com/sets/small/30399-1.jpg?201602270142,Bowling Alley,51
1,https://images.brickset.com/sets/small/30421-1.jpg?201511180809,Skybound Plane,30
1,https://images.brickset.com/sets/small/30422-1.jpg?201603050915,Kai's Mini Dragon,39
1,https://images.brickset.com/sets/small/30423-1.jpg?201602270142,Anchor-Jet,38
2,https://images.brickset.com/sets/small/30424-1.jpg?201603210934,WU-CRU Training Dojo,43
,https://images.brickset.com/sets/small/30446-1.jpg?201604090113,The Batmobile,63
1,https://images.brickset.com/sets/small/30447-1.jpg?201606010942,Captain America's Motorcycle ,25
1,https://images.brickset.com/sets/small/30448-1.jpg?201601191056,Spider-Man vs. The Venom Symbiote,49
,https://images.brickset.com/sets/small/30471-1.jpg?201511180809,Helicopter,47
,https://images.brickset.com/sets/small/30472-1.jpg?201605110829,Parrot,43
1,https://images.brickset.com/sets/small/30473-1.jpg?201606060357,Racer,30
,https://images.brickset.com/sets/small/30474-1.jpg?201511180809,Reindeer,77
,https://images.brickset.com/sets/small/30601-1.jpg?201605110824,Scooby-Doo,2
1,https://images.brickset.com/sets/small/30602-1.jpg?201603230839,First Order Stormtrooper,7
1,https://images.brickset.com/sets/small/30603-1.jpg?201602270142,Batman Classic TV Series - Mr. Freeze,16
1,https://images.brickset.com/sets/small/30604-1.jpg?201511020947,Cosmic Boy,7
1,https://images.brickset.com/sets/small/30605-1.jpg?201512160948,Finn (FN-2187),5
1,https://images.brickset.com/sets/small/30606-1.jpg?201604290650,Nightwing,6
,https://images.brickset.com/sets/small/31040-1.jpg?201511180803,Desert Racers,65
,https://images.brickset.com/sets/small/31041-1.jpg?201511180803,Construction Vehicles,64
,https://images.brickset.com/sets/small/31042-1.jpg?201511180803,Super Soarer,100
,https://images.brickset.com/sets/small/31043-1.jpg?201511180803,Chopper Transporter,124
,https://images.brickset.com/sets/small/31044-1.jpg?201511180803,Park Animals,202
,https://images.brickset.com/sets/small/31045-1.jpg?201511180803,Ocean Explorer,213
,https://images.brickset.com/sets/small/31046-1.jpg?201511180803,Fast Car,222
,https://images.brickset.com/sets/small/31047-1.jpg?201511230710,Propeller Plane,230
1,https://images.brickset.com/sets/small/31048-1.jpg?201511230710,Lakeside Lodge,368
,https://images.brickset.com/sets/small/31049-1.jpg?201605201119,Twin Spin Helicopter,326
2,https://images.brickset.com/sets/small/31050-1.jpg?201511230710,Corner Deli,467
2,https://images.brickset.com/sets/small/31051-1.jpg?201605201119,Lighthouse Point,528
2,https://images.brickset.com/sets/small/31052-1.jpg?201605201119,Vacation Getaways,792
2,https://images.brickset.com/sets/small/31053-1.jpg?201605201119,Treehouse Adventures,387
,https://images.brickset.com/sets/small/40127-2.jpg?201611120859,Space Shuttle (Uniqlo edition),
,https://images.brickset.com/sets/small/40128-2.jpg?201611120859,Robot (Uniqlo edition),
,https://images.brickset.com/sets/small/40130-2.jpg?201611120859,Koala (Uniqlo edition),
,https://images.brickset.com/sets/small/40131-2.jpg?201611120858,Parrot (Uniqlo edition),
16,https://images.brickset.com/sets/small/40161-1.jpg?201605210924,What am I?,536
2,https://images.brickset.com/sets/small/40165-1.jpg?201603010826,Minifigure Wedding Favour Set,89
4,https://images.brickset.com/sets/small/40166-1.jpg?201601050942,LEGOLAND Train,210
,https://images.brickset.com/sets/small/40167-1.jpg?201603090954,My First Set,10
,https://images.brickset.com/sets/small/40179-1.jpg?201611171133,Personalised Mosaic Portrait,
,https://images.brickset.com/sets/small/40201-1.jpg?201511230710,Valentine's Cupid Dog,150
,https://images.brickset.com/sets/small/40202-1.jpg?201602281011,Easter Chick,111
,https://images.brickset.com/sets/small/40203-1.jpg?201608210825,Vampire and Bat,150
,https://images.brickset.com/sets/small/40204-1.jpg?201609271134,Pilgrim's Feast,163
,https://images.brickset.com/sets/small/40205-1.jpg?201610281026,Little Elf Helpers,238
,https://images.brickset.com/sets/small/40206-1.jpg?201610281026,LEGO Santa,155
,https://images.brickset.com/sets/small/40207-1.jpg?201512020117,Year of the Monkey,165
,https://images.brickset.com/sets/small/40208-1.jpg?201603210934,Polar Bear,
,https://images.brickset.com/sets/small/40209-1.jpg?201602120333,Snowmobile,
,https://images.brickset.com/sets/small/40210-1.jpg?201704051018,Bunny,
,https://images.brickset.com/sets/small/40211-1.jpg?201602270142,Bee,
,https://images.brickset.com/sets/small/40212-1.jpg?201602270142,Hedgehog,
,https://images.brickset.com/sets/small/40213-1.jpg?201602270142,Seaplane,
,https://images.brickset.com/sets/small/40214-1.jpg?201603210934,Frog,
,https://images.brickset.com/sets/small/40215-1.jpg?201603210934,Apple,58
,https://images.brickset.com/sets/small/40216-1.jpg?201603210934,School Bus,
,https://images.brickset.com/sets/small/40217-1.jpg?201603210934,Werewolf,
,https://images.brickset.com/sets/small/40218-1.jpg?201603210934,Fox,
,https://images.brickset.com/sets/small/40219-1.jpg?201603210934,Christmas present,
,https://images.brickset.com/sets/small/40220-1.jpg?201608080843,London Bus,118
2,https://images.brickset.com/sets/small/40221-1.jpg?201605201119,Fountain,105
,https://images.brickset.com/sets/small/40222-1.jpg?201610030329,Christmas Build-Up,250
1,https://images.brickset.com/sets/small/40223-1.jpg?201611220742,Snowglobe,215
,https://images.brickset.com/sets/small/40225-1.jpg?201605110815,Rio 2016 Mascots,197
,https://images.brickset.com/sets/small/40226-1.jpg?201607030638,Birthday Buddy,133
,https://images.brickset.com/sets/small/40227-1.jpg?201601050923,MSC Meraviglia,180
2,https://images.brickset.com/sets/small/40228-1.jpg?201605250950,Geoffrey & Friends,133
1,https://images.brickset.com/sets/small/41065-1.jpg?201605200842,Rapunzel's Best Day Ever,145
2,https://images.brickset.com/sets/small/41066-1.jpg?201510280941,Anna & Kristoff's Sleigh Adventure,174
8,https://images.brickset.com/sets/small/41067-1.jpg?201605201119,Belle's Enchanted Castle,374
6,https://images.brickset.com/sets/small/41068-1.jpg?201510280941,Arendelle Castle Celebration,477
,https://images.brickset.com/sets/small/41069-1.jpg?201511230710,Treasure's Day at the Pool,70
1,https://images.brickset.com/sets/small/41110-1.jpg?201511230710,Birthday Party,191
1,https://images.brickset.com/sets/small/41111-1.jpg?201511230710,Party Train,109
,https://images.brickset.com/sets/small/41112-1.jpg?201511230710,Party Cakes,50
,https://images.brickset.com/sets/small/41113-1.jpg?201511230710,Party Gift Shop,52
,https://images.brickset.com/sets/small/41114-1.jpg?201601050913,Party Styling,54
1,https://images.brickset.com/sets/small/41115-1.jpg?201511230710,Emma's Creative Workshop,108
1,https://images.brickset.com/sets/small/41116-1.jpg?201511230710,Olivia's Exploration Car,185
1,https://images.brickset.com/sets/small/41117-1.jpg?201511230710,Pop Star TV Studio,194
2,https://images.brickset.com/sets/small/41118-1.jpg?201511230710,Heartlake Supermarket,313
2,https://images.brickset.com/sets/small/41119-1.jpg?201511230710,Heartlake Cupcake Cafe,439
1,https://images.brickset.com/sets/small/41120-1.jpg?201511230710,Adventure Camp Archery,114
2,https://images.brickset.com/sets/small/41121-1.jpg?201511230710,Adventure Camp Rafting,320
3,https://images.brickset.com/sets/small/41122-1.jpg?201511230710,Adventure Camp Tree House,726
1,https://images.brickset.com/sets/small/41123-1.jpg?201605201119,Foal's Washing Station,77
2,https://images.brickset.com/sets/small/41124-1.jpg?201605201119,Heartlake Puppy Daycare,286
2,https://images.brickset.com/sets/small/41125-1.jpg?201605201119,Horse Vet Trailer,370
2,https://images.brickset.com/sets/small/41126-1.jpg?201605201119,Heartlake Riding Club,575
1,https://images.brickset.com/sets/small/41127-1.jpg?201605201119,Amusement Park Arcade,174
1,https://images.brickset.com/sets/small/41128-1.jpg?201605201119,Amusement Park Space Ride,195
2,https://images.brickset.com/sets/small/41129-1.jpg?201605201119,Amusement Park Hot Dog Van,243
4,https://images.brickset.com/sets/small/41130-1.jpg?201605201119,Amusement Park Roller Coaster,1124
2,https://images.brickset.com/sets/small/41131-1.jpg?201608210825,Friends Advent Calendar,218
2,https://images.brickset.com/sets/small/41132-1.jpg?201605210921,Heartlake Party Shop,176
2,https://images.brickset.com/sets/small/41133-1.jpg?201605201119,Amusement Park Bumper Cars,424
3,https://images.brickset.com/sets/small/41134-1.jpg?201605210924,Heartlake Performance School,774
2,https://images.brickset.com/sets/small/41135-1.jpg?201511230710,Livi's Pop Star House,597
,https://images.brickset.com/sets/small/41140-1.jpg?201511230710,Daisy's Beauty Salon,98
,https://images.brickset.com/sets/small/41141-1.jpg?201511230710,Pumpkin's Royal Carriage,79
,https://images.brickset.com/sets/small/41142-1.jpg?201511230710,Palace Pets Royal Castle,186
1,https://images.brickset.com/sets/small/41171-1.jpg?201602281011,Emily Jones & the Baby Wind Dragon,80
1,https://images.brickset.com/sets/small/41172-1.jpg?201602281011,The Water Dragon Adventure,212
1,https://images.brickset.com/sets/small/41173-1.jpg?201602281011,Elvendale School of Dragons,230
2,https://images.brickset.com/sets/small/41174-1.jpg?201602281011,The Starlight Inn,343
2,https://images.brickset.com/sets/small/41175-1.jpg?201602281011,Fire Dragon's Lava Cave,441
2,https://images.brickset.com/sets/small/41176-1.jpg?201602281011,The Secret Market Place,691
2,https://images.brickset.com/sets/small/41177-1.jpg?201605201119,The Precious Crystal Mine,273
2,https://images.brickset.com/sets/small/41178-1.jpg?201605201119,The Dragon Sanctuary,585
2,https://images.brickset.com/sets/small/41179-1.jpg?201605201119,Queen Dragon's Rescue,833
3,https://images.brickset.com/sets/small/41180-1.jpg?201605201119,Ragana's Magic Shadow Castle,1014
,https://images.brickset.com/sets/small/41490-1.jpg?201607210102,Superman & Wonder Woman,
,https://images.brickset.com/sets/small/41491-1.jpg?201607210102,Batman & The Joker,
,https://images.brickset.com/sets/small/41492-1.jpg?201607210102,Iron Man & Captain America,
,https://images.brickset.com/sets/small/41493-1.jpg?201607210103,Black Panther & Doctor Strange,
,https://images.brickset.com/sets/small/41554-1.jpg?201602010902,Kuffs,63
,https://images.brickset.com/sets/small/41555-1.jpg?201602010902,Busto,69
,https://images.brickset.com/sets/small/41556-1.jpg?201602010902,Tiketz,62
,https://images.brickset.com/sets/small/41557-1.jpg?201602010902,Camillot,64
,https://images.brickset.com/sets/small/41558-1.jpg?201602010902,Mixadel,63
,https://images.brickset.com/sets/small/41559-1.jpg?201602010902,Paladum,64
,https://images.brickset.com/sets/small/41560-1.jpg?201602010902,Jamzy,70
,https://images.brickset.com/sets/small/41561-1.jpg?201602010902,Tapsy,57
,https://images.brickset.com/sets/small/41562-1.jpg?201602010902,Trumpsy,54
,https://images.brickset.com/sets/small/41563-1.jpg?201605201119,Splasho,67
,https://images.brickset.com/sets/small/41564-1.jpg?201605201119,Aquad,70
,https://images.brickset.com/sets/small/41565-1.jpg?201605201119,Hydro,70
,https://images.brickset.com/sets/small/41566-1.jpg?201605201119,Sharx,55
,https://images.brickset.com/sets/small/41567-1.jpg?201605201119,Skulzy,66
,https://images.brickset.com/sets/small/41568-1.jpg?201605201119,Lewt,62
,https://images.brickset.com/sets/small/41569-1.jpg?201605201119,Surgeo,63
,https://images.brickset.com/sets/small/41570-1.jpg?201605201119,Skrubz,68
,https://images.brickset.com/sets/small/41571-1.jpg?201605201119,Tuth,67
,https://images.brickset.com/sets/small/41572-1.jpg?201609271134,Gobbol,62
,https://images.brickset.com/sets/small/41573-1.jpg?201609271134,Sweepz,61
,https://images.brickset.com/sets/small/41574-1.jpg?201609271134,Compax,66
,https://images.brickset.com/sets/small/41575-1.jpg?201609271134,Cobrax,64
,https://images.brickset.com/sets/small/41576-1.jpg?201609271134,Spinza,60
,https://images.brickset.com/sets/small/41577-1.jpg?201610041154,Mysto,64
,https://images.brickset.com/sets/small/41578-1.jpg?201609271134,Screeno,73
,https://images.brickset.com/sets/small/41579-1.jpg?201609271134,Camsta,62
,https://images.brickset.com/sets/small/41580-1.jpg?201609271134,Myke,63
,https://images.brickset.com/sets/small/42044-1.jpg?201511180803,Display Team Jet,113
,https://images.brickset.com/sets/small/42045-1.jpg?201511180803,Hydroplane Racer,180
,https://images.brickset.com/sets/small/42046-1.jpg?201511180803,Getaway Racer,170
,https://images.brickset.com/sets/small/42047-1.jpg?201511180803,Police Interceptor,185
,https://images.brickset.com/sets/small/42048-1.jpg?201601050913,Race Kart,345
,https://images.brickset.com/sets/small/42049-1.jpg?201601050913,Mine Loader,476
,https://images.brickset.com/sets/small/42050-1.jpg?201601050913,Drag Racer,647
,https://images.brickset.com/sets/small/42052-1.jpg?201601050913,Heavy Lift Helicopter,1042
,https://images.brickset.com/sets/small/42053-1.jpg?201606181248,Volvo EW160E,1166
,https://images.brickset.com/sets/small/42054-1.jpg?201607190200,CLAAS XERION 5000 TRAC VC,1977
,https://images.brickset.com/sets/small/42055-1.jpg?201607190200,Bucket Wheel Excavator,3929
,https://images.brickset.com/sets/small/42056-1.jpg?201604250159,Porsche 911 GT3 RS,2704
,https://images.brickset.com/sets/small/45012-1.jpg?201603070647,Wild Animals Set,104
,https://images.brickset.com/sets/small/45014-1.jpg?201610170234,StoryTales Set,
,https://images.brickset.com/sets/small/45016-1.jpg?201610140905,Tubes Experiment Set,
,https://images.brickset.com/sets/small/45017-1.jpg?201610170235,Playground Set,
,https://images.brickset.com/sets/small/45018-1.jpg?201605140851,Build Me 'Emotions',188
,https://images.brickset.com/sets/small/45019-1.jpg?201711301030,Creative LEGO DUPLO Brick Set,
,/assets/images/misc/blankbox.gif,Creative LEGO Brick Set,1000
,https://images.brickset.com/sets/small/45300-1.jpg?201601150916,WeDo 2.0 Core Set,280
,https://images.brickset.com/sets/small/45301-1.jpg?201601110102,WeDo 2.0 Smart Hub,
,https://images.brickset.com/sets/small/45302-1.jpg?201601110103,WeDo 2.0 Smarthub Rechargeable Battery,
,https://images.brickset.com/sets/small/45303-1.jpg?201601110101,WeDo 2.0 Medium Motor,
,https://images.brickset.com/sets/small/45304-1.jpg?201601111259,WeDo 2.0 Motion Sensor,
,https://images.brickset.com/sets/small/45305-1.jpg?201601110104,WeDo 2.0 Tilt Sensor,
2,https://images.brickset.com/sets/small/45802-1.jpg?201608191142,Animal Allies,2161
,https://images.brickset.com/sets/small/45803-1.jpg?201610140906,Creature Craze Inspire Set,
4,https://images.brickset.com/sets/small/60100-1.jpg?201605200842,Airport Starter Set,81
2,https://images.brickset.com/sets/small/60101-1.jpg?201605200842,Airport Cargo Plane,157
4,https://images.brickset.com/sets/small/60102-1.jpg?201605200842,Airport VIP Service,364
6,https://images.brickset.com/sets/small/60103-1.jpg?201605200842,Airport Air Show,670
6,https://images.brickset.com/sets/small/60104-1.jpg?201605200842,Airport Passenger Terminal,694
1,https://images.brickset.com/sets/small/60105-1.jpg?201511180804,Fire ATV,64
4,https://images.brickset.com/sets/small/60106-1.jpg?201511180804,Fire Starter Set,90
2,https://images.brickset.com/sets/small/60107-1.jpg?201511230710,Fire Ladder Truck,214
3,https://images.brickset.com/sets/small/60108-1.jpg?201511230710,Fire Response Unit,257
5,https://images.brickset.com/sets/small/60109-1.jpg?201511230710,Fire Boat,412
6,https://images.brickset.com/sets/small/60110-1.jpg?201511230710,Fire Station,919
3,https://images.brickset.com/sets/small/60111-1.jpg?201511230710,Fire Utility Truck,368
3,https://images.brickset.com/sets/small/60112-1.jpg?201511230710,Fire Engine,376
1,https://images.brickset.com/sets/small/60113-1.jpg?201511180804,Rally Car,104
1,https://images.brickset.com/sets/small/60114-1.jpg?201511180804,Race Boat,95
2,https://images.brickset.com/sets/small/60115-1.jpg?201511180804,4 x 4 Off Roader,176
3,https://images.brickset.com/sets/small/60116-1.jpg?201511180804,Ambulance Plane,183
2,https://images.brickset.com/sets/small/60117-1.jpg?201511230710,Van & Caravan,250
2,https://images.brickset.com/sets/small/60118-1.jpg?201511180804,Garbage Truck,248
2,https://images.brickset.com/sets/small/60119-1.jpg?201601050913,Ferry,301
4,https://images.brickset.com/sets/small/60120-1.jpg?201605200842,Volcano Starter Set,83
2,https://images.brickset.com/sets/small/60121-1.jpg?201605200842,Volcano Exploration Truck,175
3,https://images.brickset.com/sets/small/60122-1.jpg?201605200842,Volcano Crawler,324
3,https://images.brickset.com/sets/small/60123-1.jpg?201605200842,Volcano Supply Helicopter,330
6,https://images.brickset.com/sets/small/60124-1.jpg?201605200842,Volcano Exploration Base,824
8,https://images.brickset.com/sets/small/60125-1.jpg?201605200842,Volcano Heavy-Lift Helicopter,1277
2,https://images.brickset.com/sets/small/60126-1.jpg?201511230710,Tire Escape,47
4,https://images.brickset.com/sets/small/60127-1.jpg?201511180804,Prison Island Starter Set,92
2,https://images.brickset.com/sets/small/60128-1.jpg?201511180804,Police Pursuit,184
4,https://images.brickset.com/sets/small/60129-1.jpg?201511230710,Police Patrol Boat,200
8,https://images.brickset.com/sets/small/60130-1.jpg?201511230710,Prison Island,754
3,https://images.brickset.com/sets/small/60131-1.jpg?201511230710,Crooks Island,244
4,https://images.brickset.com/sets/small/60132-1.jpg?201605200842,Service Station,515
7,https://images.brickset.com/sets/small/60133-1.jpg?201608210825,City Advent Calendar,290
15,https://images.brickset.com/sets/small/60134-1.jpg?201604090113,Fun in the Park - City People Pack,157
,https://images.brickset.com/sets/small/66537-1.jpg?201605300913,3-in-1 Super Pack,
,/assets/images/misc/blankbox.gif,Forests Value Pack,
,https://images.brickset.com/sets/small/66539-1.jpg?201701230839,Heartlake Value Pack,
,https://images.brickset.com/sets/small/66540-1.jpg?201703071253,City Volcano Value Pack,
,https://images.brickset.com/sets/small/66541-1.jpg?201701041050,City Fire Value Pack,
,https://images.brickset.com/sets/small/66542-1.jpg?201610150935,Microfighters Super Pack 3 in 1,
,/assets/images/misc/blankbox.gif,Microfighters Super Pack 3 in 1,
,/assets/images/misc/blankbox.gif,Mighty Micros Mighty Pack 3 in 1,
,https://images.brickset.com/sets/small/66547-1.jpg?201611010109,"Axl's Tower Carrier, Extra Awesome Edition",
,https://images.brickset.com/sets/small/66548-1.jpg?201611010108,"Rock Roader, Extra Awesome Edition",
,https://images.brickset.com/sets/small/66549-1.jpg?201611010108,"Salvage M.E.C., Extra Awesome Edition",
2,https://images.brickset.com/sets/small/70310-1.jpg?201511230710,Knighton Battle Blaster,76
2,https://images.brickset.com/sets/small/70311-1.jpg?201511230710,Chaos Catapult,93
3,https://images.brickset.com/sets/small/70312-1.jpg?201511230710,Lance's Mecha Horse,237
2,https://images.brickset.com/sets/small/70313-1.jpg?201511230710,Moltor's Lava Smasher,187
2,https://images.brickset.com/sets/small/70314-1.jpg?201511230710,Beast Master's Chaos Chariot,314
5,https://images.brickset.com/sets/small/70315-1.jpg?201511230710,Clay's Rumble Blade,367
2,https://images.brickset.com/sets/small/70316-1.jpg?201511230710,Jestro's Evil Mobile,658
7,https://images.brickset.com/sets/small/70317-1.jpg?201511230710,The Fortrex,1140
2,https://images.brickset.com/sets/small/70318-1.jpg?201605200842,The Glob Lobber,95
3,https://images.brickset.com/sets/small/70319-1.jpg?201605200842,Macy's Thunder Mace,202
3,https://images.brickset.com/sets/small/70320-1.jpg?201605200842,Aaron Fox's Aero-Striker V2,301
3,https://images.brickset.com/sets/small/70321-1.jpg?201605200842,General Magmar's Siege Machine of Doom,516
4,https://images.brickset.com/sets/small/70322-1.jpg?201605200842,Axl's Tower Carrier,670
10,https://images.brickset.com/sets/small/70323-1.jpg?201605200842,Jestro's Volcano Lair,1186
3,https://images.brickset.com/sets/small/70324-1.jpg?201511230710,Merlok's Library 2.0,288
2,https://images.brickset.com/sets/small/70325-1.jpg?201511230710,Infernox captures the Queen,253
4,https://images.brickset.com/sets/small/70326-1.jpg?201605200842,The Black Knight Mech,530
3,https://images.brickset.com/sets/small/70327-1.jpg?201511230710,The King's Mech,375
1,https://images.brickset.com/sets/small/70330-1.jpg?201511230710,Ultimate Clay,72
1,https://images.brickset.com/sets/small/70331-1.jpg?201511230710,Ultimate Macy,101
1,https://images.brickset.com/sets/small/70332-1.jpg?201511230710,Ultimate Aaron,82
1,https://images.brickset.com/sets/small/70333-1.jpg?201511230710,Ultimate Robin,75
1,https://images.brickset.com/sets/small/70334-1.jpg?201511230710,Ultimate Beast Master,65
1,https://images.brickset.com/sets/small/70335-1.jpg?201511230710,Ultimate Lavaria,69
1,https://images.brickset.com/sets/small/70336-1.jpg?201605200842,Ultimate Axl,69
1,https://images.brickset.com/sets/small/70337-1.jpg?201605200842,Ultimate Lance,75
1,https://images.brickset.com/sets/small/70338-1.jpg?201605200842,Ultimate General Magmar,64
1,https://images.brickset.com/sets/small/70339-1.jpg?201605200842,Ultimate Flama,67
3,https://images.brickset.com/sets/small/70588-1.jpg?201605201119,Titanium Ninja Tumbler ,342
4,https://images.brickset.com/sets/small/70589-1.jpg?201605201119,Rock Roader,406
5,https://images.brickset.com/sets/small/70590-1.jpg?201605200733,Airjitzu Battle Grounds,666
5,https://images.brickset.com/sets/small/70591-1.jpg?201605201119,Kryptarium Prison Breakout,207
4,https://images.brickset.com/sets/small/70592-1.jpg?201605201119,Salvage M.E.C.,439
5,https://images.brickset.com/sets/small/70593-1.jpg?201605201119,The Green NRG Dragon,567
8,https://images.brickset.com/sets/small/70594-1.jpg?201605201119,The Lighthouse Siege,767
7,https://images.brickset.com/sets/small/70595-1.jpg?201605201119,Ultra Stealth Raider,1093
8,https://images.brickset.com/sets/small/70596-1.jpg?201605201119,Samurai X Cave Chaos,1253
2,https://images.brickset.com/sets/small/70599-1.jpg?201601050913,Cole's Dragon,98
3,https://images.brickset.com/sets/small/70600-1.jpg?201601050913,Ninja Bike Chase,231
2,https://images.brickset.com/sets/small/70601-1.jpg?201601050913,Sky Shark,221
2,https://images.brickset.com/sets/small/70602-1.jpg?201601050913,Jay's Elemental Dragon,350
3,https://images.brickset.com/sets/small/70603-1.jpg?201601050913,Raid Zeppelin,294
5,https://images.brickset.com/sets/small/70604-1.jpg?201601050913,Tiger Widow Island,450
6,https://images.brickset.com/sets/small/70605-1.jpg?201601050913,Misfortune's Keep,754
,https://images.brickset.com/sets/small/71011-0.jpg?201512070114,LEGO Minifigures - Series 15 {Random bag},
1,https://images.brickset.com/sets/small/71011-1.jpg?201601061139,Farmer,1
1,https://images.brickset.com/sets/small/71011-2.jpg?201601061139,Astronaut,1
1,https://images.brickset.com/sets/small/71011-3.jpg?201601061139,Frightening Knight,1
1,https://images.brickset.com/sets/small/71011-4.jpg?201601061139,Clumsy Guy,1
1,https://images.brickset.com/sets/small/71011-5.jpg?201601061139,Tribal Woman,1
1,https://images.brickset.com/sets/small/71011-6.jpg?201601061139,Flying Warrior,1
1,https://images.brickset.com/sets/small/71011-7.jpg?201601061139,Faun,1
1,https://images.brickset.com/sets/small/71011-8.jpg?201601061139,Animal Control Officer,1
1,https://images.brickset.com/sets/small/71011-9.jpg?201601061139,Janitor,1
1,https://images.brickset.com/sets/small/71011-10.jpg?201601061139,Ballerina,1
1,https://images.brickset.com/sets/small/71011-11.jpg?201601061139,Laser Mech,1
1,https://images.brickset.com/sets/small/71011-12.jpg?201601061139,Kendo Fighter,1
1,https://images.brickset.com/sets/small/71011-13.jpg?201601061139,Shark Suit Guy,1
1,https://images.brickset.com/sets/small/71011-14.jpg?201601061139,Wrestling Champion,1
1,https://images.brickset.com/sets/small/71011-15.jpg?201601061139,Jewel Thief,1
1,https://images.brickset.com/sets/small/71011-16.jpg?201601061139,Queen,1
16,https://images.brickset.com/sets/small/71011-17.jpg?201601120306,LEGO Minifigures - Series 15 - Complete,16
,https://images.brickset.com/sets/small/71011-18.jpg?201512070115,LEGO Minifigures - Series 15 - Sealed Box,
,https://images.brickset.com/sets/small/71012-0.jpg?201604090352,LEGO Minifigures - The Disney Series {Random bag},
1,https://images.brickset.com/sets/small/71012-1.jpg?201604160119,Stitch,1
1,https://images.brickset.com/sets/small/71012-2.jpg?201603290727,Alien,1
1,https://images.brickset.com/sets/small/71012-3.jpg?201603290729,Buzz Lightyear,1
1,https://images.brickset.com/sets/small/71012-4.jpg?201603290726,Aladdin,1
1,https://images.brickset.com/sets/small/71012-5.jpg?201604160121,Genie,1
1,https://images.brickset.com/sets/small/71012-6.jpg?201604160125,Maleficent,1
1,https://images.brickset.com/sets/small/71012-7.jpg?201603290727,Alice,1
1,https://images.brickset.com/sets/small/71012-8.jpg?201604160126,Cheshire Cat,1
1,https://images.brickset.com/sets/small/71012-9.jpg?201603290730,Daisy Duck,1
1,https://images.brickset.com/sets/small/71012-10.jpg?201603290732,Donald Duck,1
1,https://images.brickset.com/sets/small/71012-11.jpg?201603290734,Minnie Mouse,1
1,https://images.brickset.com/sets/small/71012-12.jpg?201604160126,Mickey Mouse,1
1,https://images.brickset.com/sets/small/71012-13.jpg?201604160154,Mr. Incredible,1
1,https://images.brickset.com/sets/small/71012-14.jpg?201604160133,Syndrome,1
1,https://images.brickset.com/sets/small/71012-15.jpg?201603290735,Peter Pan,1
1,https://images.brickset.com/sets/small/71012-16.jpg?201604160130,Captain Hook,1
1,https://images.brickset.com/sets/small/71012-17.jpg?201604160131,Ursula,1
1,https://images.brickset.com/sets/small/71012-18.jpg?201604160132,Ariel,1
18,https://images.brickset.com/sets/small/71012-19.jpg?201605110859,LEGO Minifigures - The Disney Series - Complete,18
,https://images.brickset.com/sets/small/71012-20.jpg?201604020856,LEGO Minifigures - The Disney Series - Sealed Box,
,https://images.brickset.com/sets/small/71013-0.jpg?201607260632,LEGO Minifigures - Series 16 {Random bag},
1,https://images.brickset.com/sets/small/71013-1.jpg?201607260632,Ice Queen,1
1,https://images.brickset.com/sets/small/71013-2.jpg?201607260632,Desert Warrior,1
1,https://images.brickset.com/sets/small/71013-3.jpg?201607260633,Cyborg,1
1,https://images.brickset.com/sets/small/71013-4.jpg?201607260633,Cute Little Devil,1
1,https://images.brickset.com/sets/small/71013-5.jpg?201607260633,Spooky Boy,1
1,https://images.brickset.com/sets/small/71013-6.jpg?201607260634,Hiker,1
1,https://images.brickset.com/sets/small/71013-7.jpg?201607260635,Wildlife Photographer,1
1,https://images.brickset.com/sets/small/71013-8.jpg?201607260635,Kickboxer,1
1,https://images.brickset.com/sets/small/71013-9.jpg?201607260635,Scallywag Pirate,1
1,https://images.brickset.com/sets/small/71013-10.jpg?201607260636,Penguin Boy,1
1,https://images.brickset.com/sets/small/71013-11.jpg?201607260636,Rogue,1
1,https://images.brickset.com/sets/small/71013-12.jpg?201607260636,Dog Show Winner,1
1,https://images.brickset.com/sets/small/71013-13.jpg?201607260637,Mariachi,1
1,https://images.brickset.com/sets/small/71013-14.jpg?201607260639,Spy,1
1,https://images.brickset.com/sets/small/71013-15.jpg?201607260638,Banana Guy,1
2,https://images.brickset.com/sets/small/71013-16.jpg?201607260639,Babysitter,2
17,https://images.brickset.com/sets/small/71013-17.jpg?201608100627,LEGO Minifigures - Series 16 - Complete,17
,https://images.brickset.com/sets/small/71013-18.jpg?201706040849,LEGO Minifigures - Series 16 - Sealed Box,
,https://images.brickset.com/sets/small/71014-0.jpg?201605230333,LEGO Minifigures - DFB Series {Random bag},
1,https://images.brickset.com/sets/small/71014-1.jpg?201605230331,Joachim Löw,1
1,https://images.brickset.com/sets/small/71014-2.jpg?201605230316,Manuel Neuer,1
1,https://images.brickset.com/sets/small/71014-3.jpg?201605230322,Jérôme Boateng,1
1,https://images.brickset.com/sets/small/71014-4.jpg?201606071219,Mats Hummels,1
1,https://images.brickset.com/sets/small/71014-5.jpg?201606070206,Benedikt Höwedes,1
1,https://images.brickset.com/sets/small/71014-6.jpg?201606071221,Shkodran Mustafi,1
1,https://images.brickset.com/sets/small/71014-7.jpg?201605230327,Bastian Schweinsteiger,1
1,https://images.brickset.com/sets/small/71014-8.jpg?201605230328,Mesut Özil,1
1,https://images.brickset.com/sets/small/71014-9.jpg?201605230311,Thomas Müller,1
1,https://images.brickset.com/sets/small/71014-10.jpg?201606071223,Toni Kroos,1
1,https://images.brickset.com/sets/small/71014-11.jpg?201605230330,Sami Khedira,1
1,https://images.brickset.com/sets/small/71014-12.jpg?201605230324,André Schürrle,1
1,https://images.brickset.com/sets/small/71014-13.jpg?201606070203,Marco Reus,1
1,https://images.brickset.com/sets/small/71014-14.jpg?201606070204,Christoph Kramer,1
1,https://images.brickset.com/sets/small/71014-15.jpg?201606070204,Mario Götze,1
1,https://images.brickset.com/sets/small/71014-16.jpg?201606070205,Max Kruse,1
16,https://images.brickset.com/sets/small/71014-17.jpg?201604120745,LEGO Minifigures - DFB Series - Complete,16
,/assets/images/misc/blankbox.gif,LEGO Minifigures - DFB Series - Sealed Box,
7,https://images.brickset.com/sets/small/71040-1.jpg?201607110211,Disney Castle,4080
1,https://images.brickset.com/sets/small/71228-1.jpg?201602010902,Ghostbusters Level Pack,115
2,https://images.brickset.com/sets/small/71229-1.jpg?201602010902,DC Comics Team Pack,92
1,https://images.brickset.com/sets/small/71230-1.jpg?201602010902,Doc Brown,69
1,https://images.brickset.com/sets/small/71233-1.jpg?201603050915,Stay Puft,65
1,https://images.brickset.com/sets/small/71234-1.jpg?201602010902,Sensei Wu,58
1,https://images.brickset.com/sets/small/71235-1.jpg?201603050915,Midway Arcade Level Pack,96
1,https://images.brickset.com/sets/small/71236-1.jpg?201603050915,Superman,48
1,https://images.brickset.com/sets/small/71237-1.jpg?201603050915,Aquaman,43
1,https://images.brickset.com/sets/small/71238-1.jpg?201602010902,Cyberman,40
1,https://images.brickset.com/sets/small/71239-1.jpg?201605110829,Lloyd,56
1,https://images.brickset.com/sets/small/71240-1.jpg?201605110829,Bane,52
1,https://images.brickset.com/sets/small/71241-1.jpg?201605110829,Slimer,33
1,https://images.brickset.com/sets/small/71242-1.jpg?201608210825,New Ghostbusters: Play the Complete Movie,259
1,https://images.brickset.com/sets/small/71244-1.jpg?201611080816,Sonic the Hedgehog Level Pack,101
1,https://images.brickset.com/sets/small/71245-1.jpg?201608210825,Adventure Time Level Pack,102
2,https://images.brickset.com/sets/small/71246-1.jpg?201608210825,Adventure Time Team Pack ,96
2,https://images.brickset.com/sets/small/71247-1.jpg?201608210825,Harry Potter Team Pack,119
1,https://images.brickset.com/sets/small/71248-1.jpg?201608210825,Mission Impossible Level Pack,76
1,https://images.brickset.com/sets/small/71251-1.jpg?201608210825,B.A. Baracus,73
1,https://images.brickset.com/sets/small/71253-1.jpg?201611080816,Fantastic Beasts and Where to Find Them: Play the Complete Movie,261
2,https://images.brickset.com/sets/small/71256-1.jpg?201611080816,Gremlins Team Pack,94
1,https://images.brickset.com/sets/small/71257-1.jpg?201611080816,Tina Goldstein,51
1,https://images.brickset.com/sets/small/71258-1.jpg?201611080816,E.T.,42
1,https://images.brickset.com/sets/small/71285-1.jpg?201607191007,Marceline the Vampire Queen,60
,https://images.brickset.com/sets/small/71300-1.jpg?201511230710,Uxar - Creature of Jungle,89
,https://images.brickset.com/sets/small/71301-1.jpg?201511230710,Ketar - Creature of Stone,80
,https://images.brickset.com/sets/small/71302-1.jpg?201511230710,Akida - Creature of Water,120
,https://images.brickset.com/sets/small/71303-1.jpg?201511230710,Ikir - Creature of Fire,77
,https://images.brickset.com/sets/small/71304-1.jpg?201511230710,Terak - Creature of Earth,74
,https://images.brickset.com/sets/small/71305-1.jpg?201511230710,Lewa - Uniter of Jungle,79
,https://images.brickset.com/sets/small/71306-1.jpg?201511230710,Pohatu - Uniter of Stone,90
,https://images.brickset.com/sets/small/71307-1.jpg?201511230710,Gali - Uniter of Water,87
,https://images.brickset.com/sets/small/71308-1.jpg?201511230710,Tahu - Uniter of Fire,132
,https://images.brickset.com/sets/small/71309-1.jpg?201511230710,Onua - Uniter of Earth,143
,https://images.brickset.com/sets/small/71310-1.jpg?201511230710,Umarak the Hunter,172
,https://images.brickset.com/sets/small/71311-1.jpg?201511230710,Kopaka and Melum - Unity set,171
,https://images.brickset.com/sets/small/71312-1.jpg?201605200842,Ekimu the Mask Maker,94
,https://images.brickset.com/sets/small/71313-1.jpg?201605200842,Lava Beast,114
,https://images.brickset.com/sets/small/71314-1.jpg?201605200842,Storm Beast,109
,https://images.brickset.com/sets/small/71315-1.jpg?201606181248,Quake Beast,102
,https://images.brickset.com/sets/small/71316-1.jpg?201606181248,Umarak the Destroyer,191
1,https://images.brickset.com/sets/small/71340-1.jpg?201608160950,Supergirl,6
1,https://images.brickset.com/sets/small/71342-1.jpg?201605170819,Green Arrow,7
15,https://images.brickset.com/sets/small/75098-1.jpg?201605161135,Assault on Hoth,2144
,https://images.brickset.com/sets/small/75113-1.jpg?201511230710,Rey,84
,https://images.brickset.com/sets/small/75114-1.jpg?201511230710,First Order Stormtrooper,81
,https://images.brickset.com/sets/small/75115-1.jpg?201511230710,Poe Dameron,102
,https://images.brickset.com/sets/small/75116-1.jpg?201511230710,Finn,98
,https://images.brickset.com/sets/small/75117-1.jpg?201511230710,Kylo Ren,86
,https://images.brickset.com/sets/small/75118-1.jpg?201511230710,Captain Phasma,82
,https://images.brickset.com/sets/small/75119-1.jpg?201609201033,Sergeant Jyn Erso,104
,https://images.brickset.com/sets/small/75120-1.jpg?201609201033,K-2SO,169
,https://images.brickset.com/sets/small/75121-1.jpg?201609201033,Imperial Death Trooper,106
1,https://images.brickset.com/sets/small/75125-1.jpg?201601050913,Resistance X-wing Fighter,87
1,https://images.brickset.com/sets/small/75126-1.jpg?201601050913,First Order Snowspeeder,91
1,https://images.brickset.com/sets/small/75127-1.jpg?201601050913,The Ghost,104
1,https://images.brickset.com/sets/small/75128-1.jpg?201601050913,TIE Advanced Prototype,93
1,https://images.brickset.com/sets/small/75129-1.jpg?201601050913,Wookiee Gunship,84
1,https://images.brickset.com/sets/small/75130-1.jpg?201601050913,AT-DP,76
4,https://images.brickset.com/sets/small/75131-1.jpg?201601050913,Resistance Trooper Battle Pack,112
4,https://images.brickset.com/sets/small/75132-1.jpg?201601050913,First Order Battle Pack,88
4,https://images.brickset.com/sets/small/75133-1.jpg?201601050913,Rebel Alliance Battle Pack,101
4,https://images.brickset.com/sets/small/75134-1.jpg?201601050913,Galactic Empire Battle Pack,109
2,https://images.brickset.com/sets/small/75135-1.jpg?201601050913,Obi-Wan's Jedi Interceptor,215
4,https://images.brickset.com/sets/small/75136-1.jpg?201601050913,Droid Escape Pod,197
3,https://images.brickset.com/sets/small/75137-1.jpg?201601050913,Carbon-Freezing Chamber,231
4,https://images.brickset.com/sets/small/75138-1.jpg?201601050913,Hoth Attack,233
5,https://images.brickset.com/sets/small/75139-1.jpg?201601050913,Battle on Takodana,409
4,https://images.brickset.com/sets/small/75140-1.jpg?201601050913,Resistance Troop Transporter,646
3,https://images.brickset.com/sets/small/75141-1.jpg?201601050913,Kanan's Speeder Bike,234
4,https://images.brickset.com/sets/small/75142-1.jpg?201601050913,Homing Spider Droid,310
,/assets/images/misc/blankbox.gif,{?},
2,https://images.brickset.com/sets/small/75145-1.jpg?201605201119,Eclipse Fighter,363
10,https://images.brickset.com/sets/small/75146-1.jpg?201608210825,Star Wars Advent Calendar,282
4,https://images.brickset.com/sets/small/75147-1.jpg?201605201119,StarScavenger,558
4,https://images.brickset.com/sets/small/75148-1.jpg?201605201119,Encounter on Jakku,530
4,https://images.brickset.com/sets/small/75149-1.jpg?201605201119,Resistance X-wing Fighter,740
4,https://images.brickset.com/sets/small/75150-1.jpg?201605201119,Vader's TIE Advanced vs. A-wing Starfighter,702
6,https://images.brickset.com/sets/small/75151-1.jpg?201605201119,Clone Turbo Tank,903
3,https://images.brickset.com/sets/small/75152-1.jpg?201609201033,Imperial Assault Hovertank,385
3,https://images.brickset.com/sets/small/75153-1.jpg?201609201033,AT-ST Walker,449
4,https://images.brickset.com/sets/small/75154-1.jpg?201609201033,TIE Striker,543
5,https://images.brickset.com/sets/small/75155-1.jpg?201707191128,Rebel U-wing Fighter,659
6,https://images.brickset.com/sets/small/75156-1.jpg?201609201033,Krennic's Imperial Shuttle,863
5,https://images.brickset.com/sets/small/75157-1.jpg?201605201119,Captain Rex's AT-TE,972
5,https://images.brickset.com/sets/small/75158-1.jpg?201607190200,Rebel Combat Frigate,936
27,https://images.brickset.com/sets/small/75159-1.jpg?201608310957,Death Star,4016
2,https://images.brickset.com/sets/small/75821-1.jpg?201603010826,Piggy Car Escape,74
2,https://images.brickset.com/sets/small/75822-1.jpg?201603010826,Piggy Plane Attack,168
3,https://images.brickset.com/sets/small/75823-1.jpg?201603050857,Bird Island Egg Heist,277
4,https://images.brickset.com/sets/small/75824-1.jpg?201603010826,Pig City Teardown,386
4,https://images.brickset.com/sets/small/75825-1.jpg?201603010826,Piggy Pirate Ship,620
5,https://images.brickset.com/sets/small/75826-1.jpg?201603010826,King Pig's Castle,859
10,https://images.brickset.com/sets/small/75827-1.jpg?201510270433,Firehouse Headquarters ,4634
6,https://images.brickset.com/sets/small/75828-1.jpg?201602050422,Ecto-1 & 2,556
1,https://images.brickset.com/sets/small/75870-1.jpg?201602281011,Chevrolet Corvette Z06,173
1,https://images.brickset.com/sets/small/75871-1.jpg?201602281011,Ford Mustang GT,185
1,https://images.brickset.com/sets/small/75872-1.jpg?201602281011,Audi R18 e-tron quattro,166
1,https://images.brickset.com/sets/small/75873-1.jpg?201602281011,Audi R8 LMS ultra,175
3,https://images.brickset.com/sets/small/75874-1.jpg?201602281011,Chevrolet Camaro Drag Race,445
4,https://images.brickset.com/sets/small/75875-1.jpg?201602281011,Ford F-150 Raptor & Ford Model A Hot Rod,664
5,https://images.brickset.com/sets/small/75876-1.jpg?201602281011,Porsche 919 Hybrid and 917K Pit Lane,732
2,https://images.brickset.com/sets/small/76044-1.jpg?201601050913,Clash of the Heroes,92
3,https://images.brickset.com/sets/small/76045-1.jpg?201601050913,Kryptonite Interception,306
5,https://images.brickset.com/sets/small/76046-1.jpg?201601050913,Heroes of Justice: Sky High Battle,517
3,https://images.brickset.com/sets/small/76047-1.jpg?201602281011,Black Panther Pursuit,287
4,https://images.brickset.com/sets/small/76048-1.jpg?201601050913,Iron Skull Sub Attack,335
5,https://images.brickset.com/sets/small/76049-1.jpg?201601050913,Avenjet Space Mission,523
3,https://images.brickset.com/sets/small/76050-1.jpg?201602281011,Crossbones' Hazard Heist,179
7,https://images.brickset.com/sets/small/76051-1.jpg?201602281011,Super Hero Airport Battle,807
9,https://images.brickset.com/sets/small/76052-1.jpg?201601120358,Batman Classic TV Series - Batcave,2526
3,https://images.brickset.com/sets/small/76053-1.jpg?201602281011,Gotham City Cycle Chase,224
5,https://images.brickset.com/sets/small/76054-1.jpg?201605201119,Batman: Scarecrow Harvest of Fear,563
5,https://images.brickset.com/sets/small/76055-1.jpg?201605201119,Batman: Killer Croc Sewer Smash,759
4,https://images.brickset.com/sets/small/76056-1.jpg?201605201119,Batman: Rescue from Ra's al Ghul,257
7,https://images.brickset.com/sets/small/76057-1.jpg?201605201119,Spider-Man: Web Warriors Ultimate Bridge Battle,1092
3,https://images.brickset.com/sets/small/76058-1.jpg?201605201119,Spider-Man: Ghost Rider Team-Up,217
5,https://images.brickset.com/sets/small/76059-1.jpg?201605201119,Spider-Man: Doc Ock's Tentacle Trap,446
3,https://images.brickset.com/sets/small/76060-1.jpg?201607190200,Doctor Strange's Sanctum Sanctorum,358
2,https://images.brickset.com/sets/small/76061-1.jpg?201602281011,Mighty Micros: Batman vs. Catwoman,79
2,https://images.brickset.com/sets/small/76062-1.jpg?201602281011,Mighty Micros: Robin vs. Bane,77
2,https://images.brickset.com/sets/small/76063-1.jpg?201602281011,Mighty Micros: The Flash vs. Captain Cold,88
2,https://images.brickset.com/sets/small/76064-1.jpg?201602281011,Mighty Micros: Spider-Man vs. Green Goblin,85
2,https://images.brickset.com/sets/small/76065-1.jpg?201602281011,Mighty Micros: Captain America vs. Red Skull,95
2,https://images.brickset.com/sets/small/76066-1.jpg?201602281011,Mighty Micros: Hulk vs. Ultron,80
4,https://images.brickset.com/sets/small/76067-1.jpg?201608080843,Tanker Truck Takedown,330
,https://images.brickset.com/sets/small/850805-1.jpg?201602150901,Drinking Bottle—Blue,
,https://images.brickset.com/sets/small/850806-1.jpg?201603050915,Drinking Bottle Pink,
,https://images.brickset.com/sets/small/850817-1.jpg?201602150901,Drinking Bottle,
,/assets/images/misc/blankbox.gif,"I Love LEGOLAND keychain, Male",
,https://images.brickset.com/sets/small/851354-1.jpg?201609201033,Wrayth,
,https://images.brickset.com/sets/small/853503-1.jpg?201604291059,NEXO KNIGHTS Macy's Mace,
,https://images.brickset.com/sets/small/853504-1.jpg?201603050915,NEXO KNIGHTS Clay's Sword,
,https://images.brickset.com/sets/small/853505-1.jpg?201601150931,NK Sword Standard,
,https://images.brickset.com/sets/small/853506-1.jpg?201601150931,NK Shield Standard,
,https://images.brickset.com/sets/small/853507-1.jpg?201605200842,Knight's Power Up Shield,
,https://images.brickset.com/sets/small/853508-1.jpg?201606181248,Monster's Shield,
,https://images.brickset.com/sets/small/853510-1.jpg?201606181248,NEXO KNIGHTS Knight s Dress Up,
,https://images.brickset.com/sets/small/853511-1.jpg?201604291059,FK Role Play Dress up Bad guy,
4,https://images.brickset.com/sets/small/853515-1.jpg?201605110829,Knights Army-Building Set,4
4,https://images.brickset.com/sets/small/853516-1.jpg?201605110829,Monsters Army-Building Set,4
,https://images.brickset.com/sets/small/853517-1.jpg?201603250345,NK Drinking Bottle,
,https://images.brickset.com/sets/small/853518-1.jpg?201603250345,NK Tumbler,
,https://images.brickset.com/sets/small/853519-1.jpg?201601050913,NK Playmat,
,https://images.brickset.com/sets/small/853520-1.jpg?201603010826,Aaron Key Chain,
,https://images.brickset.com/sets/small/853521-1.jpg?201603010826,Clay Key Chain,
,https://images.brickset.com/sets/small/853522-1.jpg?201603010826,Macy Key Chain,
,https://images.brickset.com/sets/small/853524-1.jpg?201603010826,Lance Key Chain,
,https://images.brickset.com/sets/small/853525-1.jpg?201603250345,Keychain NK Jestro,
,https://images.brickset.com/sets/small/853528-1.jpg?201603010826,NEXO KNIGHTS Monsters Sketch Book,
,https://images.brickset.com/sets/small/853529-1.jpg?201606181248,NINJAGO Customizable Sword,
,https://images.brickset.com/sets/small/853530-1.jpg?201604291059,NINJAGO Skybound Shield,
,https://images.brickset.com/sets/small/853532-1.jpg?201606010942,NINJAGO Armor,
,https://images.brickset.com/sets/small/853533-1.jpg?201603050915,NINJAGO Bandana,
,https://images.brickset.com/sets/small/853534-1.jpg?201601050913,Skybound Jay Key Chain,
,https://images.brickset.com/sets/small/853538-1.jpg?201606010942,Skybound Cole Key Chain,
,https://images.brickset.com/sets/small/853543-1.jpg?201602010902,Ninjago Party Set,
4,https://images.brickset.com/sets/small/853544-1.jpg?201606181248,NINJAGO Accessory Set,4
,https://images.brickset.com/sets/small/853547-1.jpg?201601050913,Emma Key Chain,
,https://images.brickset.com/sets/small/853548-1.jpg?201601050913,Andrea Key Chain,
,https://images.brickset.com/sets/small/853549-1.jpg?201601050913,Mia Key Chain,
,https://images.brickset.com/sets/small/853550-1.jpg?201601050913,Stephanie Key Chain,
,https://images.brickset.com/sets/small/853551-1.jpg?201601050913,Olivia Key Chain,
,https://images.brickset.com/sets/small/853552-1.jpg?201603050915, Friends Hand Foot Fun,
,https://images.brickset.com/sets/small/853555-1.jpg?201601050913,Campsite Scrapbook,
3,https://images.brickset.com/sets/small/853556-1.jpg?201603010826,Friends Mini-Doll Campsite Set,3
,https://images.brickset.com/sets/small/853559-1.jpg?201603010826,Emily Jones Key Chain,
,https://images.brickset.com/sets/small/853560-1.jpg?201603010826,Elves Azari the Fire Elf Key Chain,
,https://images.brickset.com/sets/small/853561-1.jpg?201603010826,Elves Aira the Wind Elf Key Chain,
,https://images.brickset.com/sets/small/853562-1.jpg?201603010826,Elves Naida the Water Elf Key Chain,
,https://images.brickset.com/sets/small/853563-1.jpg?201603010826,Elves Fledge the Baby Dragon Bag Charm,
,https://images.brickset.com/sets/small/853564-1.jpg?201603010826,Elves Me and My Dragon Display,
,https://images.brickset.com/sets/small/853565-1.jpg?201604291059,Elves Emily Jones' Diary Sketch Book,
,https://images.brickset.com/sets/small/853568-1.jpg?201601050913,Prison Guard Key Chain,
,https://images.brickset.com/sets/small/853569-1.jpg?201603010826,Notebook with Studs,
4,https://images.brickset.com/sets/small/853570-1.jpg?201601050913,Police Accessory Set,4
,https://images.brickset.com/sets/small/853571-1.jpg?201601050913,Hot Dog Guy Key Chain,
,https://images.brickset.com/sets/small/853572-1.jpg?201601050913,Bumble Bee Key Chain,
,https://images.brickset.com/sets/small/853573-1.jpg?201603010826,Yellow Car Bag Charm,
,https://images.brickset.com/sets/small/853574-1.jpg?201609201033,Christmas Ornament Reindeer,More
,https://images.brickset.com/sets/small/853575-1.jpg?201606181248,Minifigure Cake Mold,
,https://images.brickset.com/sets/small/853580-1.jpg?201605200217,Key Rack,
,https://images.brickset.com/sets/small/853590-1.jpg?201606010942,Superman Key Chain ,
,https://images.brickset.com/sets/small/853591-1.jpg?201606010942,Batman Key Chain,
,https://images.brickset.com/sets/small/853592-1.jpg?201606010942,Black Widow Key Chain,
,https://images.brickset.com/sets/small/853593-1.jpg?201606010942,Captain America Key Chain,
,https://images.brickset.com/sets/small/853599-1.jpg?201602210912,New York Minifigure Magnet,
,https://images.brickset.com/sets/small/853600-1.jpg?201602210910,Statue of Liberty Magnet,
,https://images.brickset.com/sets/small/853601-1.jpg?201602210913,New York Key Chain,
,https://images.brickset.com/sets/small/853602-1.jpg?201606010942,Finn Key Chain,
,https://images.brickset.com/sets/small/853603-1.jpg?201606010942,Rey Key Chain,
,https://images.brickset.com/sets/small/853604-1.jpg?201606010942,BB 8 Key Chain,
,https://images.brickset.com/sets/small/853605-1.jpg?201606010942,Poe Dameron Key Chain ,
4,https://images.brickset.com/sets/small/853609-1.jpg?201608210825,Skin Pack,4
4,https://images.brickset.com/sets/small/853610-1.jpg?201608210825,Skin Pack,4
,https://images.brickset.com/sets/small/853611-1.jpg?201605200849,Marvel Super Heroes Minifigure Display Frame,
,https://images.brickset.com/sets/small/2000447-1.jpg?201601070924,Mini Milo,
,https://images.brickset.com/sets/small/2000448-1.jpg?201608150747,Max and Mia,
1,https://images.brickset.com/sets/small/2000451-1.jpg?201611160821,The Panama Canal,1184
,/assets/images/misc/blankbox.gif,WeDo Replacement Pack 2,
,https://images.brickset.com/sets/small/2000715-1.jpg?201709100916,WeDo 2.0 Replacement Pack,
,/assets/images/misc/blankbox.gif,Education EV3 Design Engineering Projects,
,https://images.brickset.com/sets/small/2045300-1.jpg?201601111242,WeDo 2.0 Curriculum Pack,
,https://images.brickset.com/sets/small/3850007-1.jpg?201707180855,Elephant,
,https://images.brickset.com/sets/small/3850008-1.jpg?201707180855,Jet,
,https://images.brickset.com/sets/small/3850009-1.jpg?201604050409,Aircraft,
,https://images.brickset.com/sets/small/3850010-1.jpg?201604050408,Butterfly,
,https://images.brickset.com/sets/small/3850011-1.jpg?201604060838,Statue of Liberty,
,https://images.brickset.com/sets/small/3850012-1.jpg?201607241054,Truck,
,https://images.brickset.com/sets/small/3850013-1.jpg?201607241055,Turtle,
,/assets/images/misc/blankbox.gif,Snowplough?,
,https://images.brickset.com/sets/small/3850015-1.jpg?201611100858,Penguin,
8,https://images.brickset.com/sets/small/4000022-1.jpg?201606301156,LEGO Truck Show,8
,https://images.brickset.com/sets/small/4000023-1.jpg?201605140849,Jiaxing Factory 2016,
,https://images.brickset.com/sets/small/4002016-1.jpg?201612150736,50 Years on Track,
1,https://images.brickset.com/sets/small/5002946-1.jpg?201510120310,Silver Centurion,1
,https://images.brickset.com/sets/small/5004277-1.jpg?201604291059,4 stud Pink Storage Brick,
1,https://images.brickset.com/sets/small/5004388-1.jpg?201601050913,Nexo Knights Intro Pack,1
,https://images.brickset.com/sets/small/5004389-1.jpg?201602150901,Battle Station,2
1,https://images.brickset.com/sets/small/5004390-1.jpg?201606281050,King's Guard,1
1,https://images.brickset.com/sets/small/5004391-1.jpg?201512141117,Sky Pirates Battle,1
1,https://images.brickset.com/sets/small/5004393-1.jpg?201611300919,Cole,1
,https://images.brickset.com/sets/small/5004395-1.jpg?201512141120,Jewelry and Sticker Pack,
,https://images.brickset.com/sets/small/5004398-1.jpg?201608051029,Friends Playmat,
,https://images.brickset.com/sets/small/5004401-1.jpg?201608210825,Wildlife Puzzle,1
,https://images.brickset.com/sets/small/5004403-1.jpg?201512141121,Playmat,
,https://images.brickset.com/sets/small/5004404-1.jpg?201607190200,Police Chase,3
1,https://images.brickset.com/sets/small/5004406-1.jpg?201611300919,First Order General,1
1,https://images.brickset.com/sets/small/5004408-1.jpg?201606050827,Rebel A-wing Pilot,1
,https://images.brickset.com/sets/small/5004409-1.jpg?201512141124,Accessory pack,
1,https://images.brickset.com/sets/small/5004419-1.jpg?201606281050,Classic Knights Minifigure,1
,https://images.brickset.com/sets/small/5004420-1.jpg?201610281027,Toy Soldier,1
4,https://images.brickset.com/sets/small/5004421-1.jpg?201608291115,Musicians minifigure collection,4
4,https://images.brickset.com/sets/small/5004422-1.jpg?201608290736,Warriors minifigure collection,4
1,https://images.brickset.com/sets/small/5004468-1.jpg?201602281011,Iconic Easter Minifigure,1
,https://images.brickset.com/sets/small/5004538-1.jpg?201603250345,Wonder Woman Minifigure Alarm Clock,
4,https://images.brickset.com/sets/small/5004423-1.jpg?201608290736,Athletes minifigure collection,4
4,https://images.brickset.com/sets/small/5004424-1.jpg?201608290735,Cops and Robbers minifigure collection,4
,https://images.brickset.com/sets/small/5004612-1.jpg?201601050913,Lucy Wyldstyle Minifigure Link Watch,
,https://images.brickset.com/sets/small/5004720-1.jpg?201701111044,NINJAGO Shadow of Ronin ,
,https://images.brickset.com/sets/small/5004721-1.jpg?201701111044,NINJAGO Shadow of Ronin,
,https://images.brickset.com/sets/small/5004797-1.jpg?201604291059,The Joker Key Light,
,https://images.brickset.com/sets/small/5004833-1.jpg?201601111255,WeDo 2.0 ReadyGo Classroom Packs,
,https://images.brickset.com/sets/small/5004837-1.jpg?201601111248,WeDo 2.0 YouCreate Classroom Packs,
,https://images.brickset.com/sets/small/5004838-1.jpg?201601110105, WeDo 2.0 Add-On Power Pack,
,https://images.brickset.com/sets/small/5005011-1.jpg?201601150931,Anakin Skywalker Minifigure Watch,
,https://images.brickset.com/sets/small/5005015-1.jpg?201601150931,Classic Minifigure Link Watch,
,https://images.brickset.com/sets/small/5005017-1.jpg?201601150931,Yoda Minifigure Watch,
,https://images.brickset.com/sets/small/5005018-1.jpg?201601150931,Luke Skywalker Watch,
,https://images.brickset.com/sets/small/5005020-1.jpg?201604291059,4 stud Black Storage Brick,
,https://images.brickset.com/sets/small/5005027-1.jpg?201604291059,8 stud Bright Purple Storage Brick,
,https://images.brickset.com/sets/small/5005031-1.jpg?201604291059,8 stud Black Storage Brick,
,https://images.brickset.com/sets/small/5005032-1.jpg?201604291059,Darth Vader Watch,
,https://images.brickset.com/sets/small/5005041-1.jpg?201605201119,Superman Minifigure Link Watch,
,https://images.brickset.com/sets/small/5005042-1.jpg?201606181248,NINJAGO Luggage Tag,
,https://images.brickset.com/sets/small/5005043-1.jpg?201606181248,City Luggage Tag,
,https://images.brickset.com/sets/small/5005051-1.jpg?201608080843,Friends of Heartlake City Girlz 4 Life,
,https://images.brickset.com/sets/small/5005057-1.jpg?201602150901,Marvel Avengers XBOX 360 Video Game,
,https://images.brickset.com/sets/small/5005058-1.jpg?201602150901,Marvel Avengers Wii U Video Game,
,https://images.brickset.com/sets/small/5005059-1.jpg?201602150901,Marvel Avengers PS3 Video Game,
,https://images.brickset.com/sets/small/5005060-1.jpg?201602150901,Marvel Avengers Nintendo 3DS Video Game,
,https://images.brickset.com/sets/small/5005098-1.jpg?201603050915,Stormtrooper Kid's Watch,
,https://images.brickset.com/sets/small/5005099-1.jpg?201604291059,Batman Buildable Watch,
,https://images.brickset.com/sets/small/5005100-1.jpg?201603050915,Stephanie Watch with Mini-Doll,
,https://images.brickset.com/sets/small/5005107-1.jpg?201606010942,LEGO Buildable Ruler,
,https://images.brickset.com/sets/small/5005108-1.jpg?201606181248,LEGO Erasers (Blue Yellow),
,https://images.brickset.com/sets/small/5005109-1.jpg?201606181248,LEGO 3 Pack Gel Pen Set,
,https://images.brickset.com/sets/small/5005110-1.jpg?201606181248,LEGO Brick Pencil Case (Red),
,https://images.brickset.com/sets/small/5005111-1.jpg?201606181248,LEGO 9 Pack Graphite Pencils,
,https://images.brickset.com/sets/small/5005112-1.jpg?201606181248,LEGO Pencil Sharpeners,
,https://images.brickset.com/sets/small/5005113-1.jpg?201606181248,Aaron Minifigure Alarm Clock,
,https://images.brickset.com/sets/small/5005115-1.jpg?201606281050,Clay Minifigure Alarm Clock,
,https://images.brickset.com/sets/small/5005117-1.jpg?201606181248,Jay Minifigure Alarm Clock,
,https://images.brickset.com/sets/small/5005118-1.jpg?201606181248,Lloyd Minifigure Alarm Clock,
,https://images.brickset.com/sets/small/5005121-1.jpg?201606281050,Kai Minifigure Alarm Clock,
,https://images.brickset.com/sets/small/5005136-1.jpg?201609201033,The Force Awakens PS 4 Video Game – Deluxe Edition,
,https://images.brickset.com/sets/small/5005137-1.jpg?201608080843,The Force Awakens Xbox 360 Video Game,
,https://images.brickset.com/sets/small/5005138-1.jpg?201609201033,The Force Awakens Xbox One Video Game – Deluxe Edition,
,https://images.brickset.com/sets/small/5005139-1.jpg?201608080843,The Force Awakens PS 4 Video Game,
,https://images.brickset.com/sets/small/5005140-1.jpg?201608080843,The Force Awakens Xbox One Video Game,
,https://images.brickset.com/sets/small/5005141-1.jpg?201608080843,The Force Awakens Wii U Video Game,
,https://images.brickset.com/sets/small/5005144-1.jpg?201606181248,Journal with White Band,
,https://images.brickset.com/sets/small/5005145-1.jpg?201606181248,Stationery Organizer,
,https://images.brickset.com/sets/small/5005146-1.jpg?201606181248,9 Pack Gel Pen Set,
,https://images.brickset.com/sets/small/5005147-1.jpg?201606181248,9 Pack Marker Set,
,https://images.brickset.com/sets/small/5005148-1.jpg?201606181248,9 Pack Colored Pencil with Toppers Pack,
1,https://images.brickset.com/sets/small/5005156-1.jpg?201612121059,Gingerbread Man,1
,/assets/images/misc/blankbox.gif,Stationery Kit,
,https://images.brickset.com/sets/small/5005182-1.jpg?201703240318,Nexo Knights Season 1 DVD,
,https://images.brickset.com/sets/small/6139025-1.jpg?201604021108,LEGO Mixels - Series 7 - Display Box,
,https://images.brickset.com/sets/small/MIXELBOX-8.jpg?201605120223,LEGO Mixels - Series 8 - Display Box,
,https://images.brickset.com/sets/small/MAYFOURTH-1.jpg?201605010201,Escape the Space Slug,
,https://images.brickset.com/sets/small/B0189OU0JY-1.jpg?201512070113,LEGO Star Wars: Droid Tales,
,https://images.brickset.com/sets/small/BIO601601-1.jpg?201606181234,Scorpion,
,https://images.brickset.com/sets/small/BIO601602-1.jpg?201610090227,Ekimu Falcon,
,https://images.brickset.com/sets/small/BORDEAUX-1.jpg?201606060948,"Bordeaux, France, Exclusive Minifigure Pack",
,https://images.brickset.com/sets/small/DCSHDVD3-1.jpg?201603090651,Justice League: Cosmic Clash DVD/Blu-Ray,
,https://images.brickset.com/sets/small/DCSHDVD4-1.jpg?201603230738,Justice League: Gotham City Breakout DVD/Blu-ray,
,https://images.brickset.com/sets/small/EL241601-1.jpg?201603270341,Miku The Dragon,
,https://images.brickset.com/sets/small/EL241602-1.jpg?201611131020,Jynx the Witch's Cat,
,https://images.brickset.com/sets/small/FR471602-1.jpg?201607241051,Pony Grooming Kit,
,https://images.brickset.com/sets/small/FR561601-1.jpg?201604130450,Parrot and Nest,
,https://images.brickset.com/sets/small/FR561602-1.jpg?201602210212,Valentine's Post Box,
,https://images.brickset.com/sets/small/FR561603-1.jpg?201603030817,Dog on stage,
,https://images.brickset.com/sets/small/FR561604-1.jpg?201604230814,Chocolate Kitchen,
,https://images.brickset.com/sets/small/FR561605-1.jpg?201607180757,Ice Cream Cart,
,https://images.brickset.com/sets/small/FR561606-1.jpg?201606060405,Rabbit and hutch,
,https://images.brickset.com/sets/small/FR561607-1.jpg?201607180756,Happy Beach,
,https://images.brickset.com/sets/small/FR561608-1.jpg?201610190850,Cake stall,
,https://images.brickset.com/sets/small/FR561609-1.jpg?201609280910,Olivia's Laboratory ,
,https://images.brickset.com/sets/small/FR561610-1.jpg?201610230907,Halloween Shop,
,https://images.brickset.com/sets/small/FR561611-1.jpg?201612010738,Gift wrapping table,
,https://images.brickset.com/sets/small/FR561612-1.jpg?201612140626,Christmas Fireplace,
,https://images.brickset.com/sets/small/GIANTS2016-1.jpg?201606180838,Lou Seal Buildable Figure,
1,https://images.brickset.com/sets/small/ISBN024119931X-1.jpg?201603030816,LEGO DC Super Heroes: Character Encyclopedia ,1
,https://images.brickset.com/sets/small/ISBN1465454004-1.jpg?201605250849,LEGO Nexo Knights: The Book of Knights,
1,https://images.brickset.com/sets/small/ISBN0241232481-1.jpg?201603291018,LEGO Ninjago Character Encyclopedia: Updated and Expanded,1
,https://images.brickset.com/sets/small/ISBN1465450459-1.jpg?201603090933,LEGO Star Wars: Build Your Own Adventure,
,https://images.brickset.com/sets/small/ISBN1465450467-1.jpg?201603090934,LEGO City: Build Your Own Adventure,
,https://images.brickset.com/sets/small/ISBN0473372967-1.jpg?201611261112,The Complete LEGO Minifigure Catalogue,
,https://images.brickset.com/sets/small/ISBN0750967579-1.jpg?201601221124,Brick History: Amazing Historical Scenes to Build from LEGO,
,https://images.brickset.com/sets/small/ISBN125986183X-1.jpg?201611261058,"Building with Virtual LEGO: Getting Started with LEGO Digital Designer, LDraw, and Mecabricks",
,https://images.brickset.com/sets/small/ISBN143800754X-1.jpg?201601221125,Brick History: A Brick History of the World in LEGO (US Edition),
,https://images.brickset.com/sets/small/ISBN1438008805-1.jpg?201604130448,Brick Animals: 40 Clever & Creative Ideas to Make from LEGO (US Edition),
,https://images.brickset.com/sets/small/ISBN1438008813-1.jpg?201604130448,Brick Cars: 40 Clever & Creative Ideas to Make from LEGO (US Edition),
,https://images.brickset.com/sets/small/ISBN1440246998-1.jpg?201604130448,The Ultimate Guide to Collectible Minifigures,
1,https://images.brickset.com/sets/small/ISBN1465449671-1.jpg?201605010840,LEGO Star Wars: Chronicles of the Force,1
,https://images.brickset.com/sets/small/ISBN1465453024-1.jpg?201607251023,365 Things to Do with LEGO Bricks,
,https://images.brickset.com/sets/small/ISBN1530840082-1.jpg?201604251103,The 2015 LEGO Minifigure Catalog: 1st Edition,
,https://images.brickset.com/sets/small/ISBN1530886848-1.jpg?201604251103,The Star Wars LEGO Minifigure Catalog: 5th Edition,
,https://images.brickset.com/sets/small/ISBN1530919223-1.jpg?201604251105,The 2014 LEGO Minifigure Catalog: 2nd Edition,
,https://images.brickset.com/sets/small/ISBN1535193425-1.jpg?201608210854,The Middle Earth LEGO Minifigure Catalog,
,https://images.brickset.com/sets/small/ISBN1593277350-1.jpg?201604260902,Tiny LEGO Wonders: Build 42 Impressive Miniscale Models,
,https://images.brickset.com/sets/small/ISBN1593277415-1.jpg?201611261032,The LEGO Animation Book: Make Your Own LEGO Movies!,
,https://images.brickset.com/sets/small/ISBN1593277601-1.jpg?201604221124,The Unofficial LEGO Technic Builder's Guide: 2nd Edition,
,https://images.brickset.com/sets/small/ISBN1593277660-1.jpg?201607251043,The LEGO Christmas Ornaments Book: 15 Designs to Spread Holiday Cheer,
,https://images.brickset.com/sets/small/ISBN1593277679-1.jpg?201603270332,Geeky LEGO Crafts: 21 Fun and Quirky Projects,
,https://images.brickset.com/sets/small/ISBN1624142818-1.jpg?201603270335,Awesome LEGO Creations with Bricks You Already Have,
,https://images.brickset.com/sets/small/ISBN1631590790-1.jpg?201511161223,Birds from Bricks: Designs That Make LEGO Take Flight,
,https://images.brickset.com/sets/small/ISBN1783422815-1.jpg?201607250311,Brick by Brick: Space,
,https://images.brickset.com/sets/small/ISBN1626867968-1.jpg?201603270332,The Greatest LEGO Builds of All Time,
,https://images.brickset.com/sets/small/ISBN1943328803-1.jpg?201607250311,Build It! Volume 1,
,https://images.brickset.com/sets/small/ISBN1943328811-1.jpg?201607250311,Build It! Volume 2,
,https://images.brickset.com/sets/small/ISBN194332882X-1.jpg?201607250312,Build It! Volume 3,
,https://images.brickset.com/sets/small/ISBN1943328838-1.jpg?201607250312,Build It! World Landmarks,
,https://images.brickset.com/sets/small/ISBN3864903556-1.jpg?201606160838,LEGO Trains - concepts and techniques for realistic models,
,https://images.brickset.com/sets/small/ISBN3958433901-1.jpg?201607250317,LEGO Tips for Kids: LEGO Space,
1,https://images.brickset.com/sets/small/LESTER-1.jpg?201611171134,Lester,1
,https://images.brickset.com/sets/small/MIXELBOX-9.jpg?201610111238,LEGO Mixels - Series 9 - Display Box,
,https://images.brickset.com/sets/small/NEX271601-1.jpg?201602210930,Lance,
,https://images.brickset.com/sets/small/NEX271602-1.jpg?201603300814,Jet Horse,
,https://images.brickset.com/sets/small/NEX271603-1.jpg?201604230811,Robin,
,https://images.brickset.com/sets/small/NEX271604-1.jpg?201606060400,Two Globlin Spiders,
,https://images.brickset.com/sets/small/NEX271605-1.jpg?201606241039,Lava Warrior,
,https://images.brickset.com/sets/small/NIN271606-1.jpg?201607241046,Knight Racer,
,https://images.brickset.com/sets/small/NEX271607-1.jpg?201608250953,Firecracker Catapult,
,https://images.brickset.com/sets/small/NEX271608-1.jpg?201610030817,Kid Clay,
,https://images.brickset.com/sets/small/NEX271609-1.jpg?201610230906,Bat-Gun,
,https://images.brickset.com/sets/small/NEX271610-1.jpg?201612030914,Mighty Mech Bot,
,https://images.brickset.com/sets/small/NEX271611-1.jpg?201701041052,Pilot Bot,
,https://images.brickset.com/sets/small/NIN891609-1.jpg?201711041106,Kai,
,https://images.brickset.com/sets/small/NIN891610-1.jpg?201603050855,Clouse,
,https://images.brickset.com/sets/small/NIN891611-1.jpg?201604040848,Cole,
,https://images.brickset.com/sets/small/NIN891602-1.jpg?201604230813,Sqiffy,
,https://images.brickset.com/sets/small/NIN891613-1.jpg?201605051051,Kai's Dragon,
,https://images.brickset.com/sets/small/NIN891614-1.jpg?201606060358,Cyren,
,https://images.brickset.com/sets/small/NIN891615-1.jpg?201607241045,Jay,
,https://images.brickset.com/sets/small/NIN891616-1.jpg?201608250707,Bucko ,
,https://images.brickset.com/sets/small/NIN891617-1.jpg?201709260956,Titanium Zane,
,https://images.brickset.com/sets/small/NIN891618-1.jpg?201610260654,Ronin,
,https://images.brickset.com/sets/small/NIN891619-1.jpg?201611260101,Pirate's Fighter,
,https://images.brickset.com/sets/small/NIN891620-1.jpg?201701041052,Nya,
,https://images.brickset.com/sets/small/NYCC2016-1.jpg?201610070835,Batgirl,
,https://images.brickset.com/sets/small/PARIS-1.jpg?201609201050,Paris Forum Des Halles Exclusive Minifigure Pack,
,https://images.brickset.com/sets/small/REDSOX-1.jpg?201609200319,Boston Red Sox baseball player ,
,/assets/images/misc/blankbox.gif,San Francisco Exclusive Minifigure Pack,
,https://images.brickset.com/sets/small/SDCC2016-6.jpg?201607210805,Atom,
1,https://images.brickset.com/sets/small/SDCC2016-5.jpg?201607210806,Steve Rogers Captain America,1
,https://images.brickset.com/sets/small/STOCKHOLM-1.jpg?201605300921,Stockholm minifigure collection,
,https://images.brickset.com/sets/small/SW911607-1.jpg?201601051048,Millennium Falcon,
,https://images.brickset.com/sets/small/SW911608-1.jpg?201706070736,Landspeeder,
,https://images.brickset.com/sets/small/SW911609-1.jpg?201703240328,Naboo Starfighter,
,https://images.brickset.com/sets/small/SW911610-1.jpg?201604090913,Probe Droid,
,https://images.brickset.com/sets/small/SW911611-1.jpg?201604230812,AAT,
,https://images.brickset.com/sets/small/SW911612-1.jpg?201606060359,Acklay,
,https://images.brickset.com/sets/small/SW911613-1.jpg?201607180758,TIE Bomber,
,https://images.brickset.com/sets/small/SW911614-1.jpg?201608180749,Yoda's Hut,
,https://images.brickset.com/sets/small/SW911615-1.jpg?201609121144,AT-AT,
,https://images.brickset.com/sets/small/SW911616-1.jpg?201610090228,MTT,
,https://images.brickset.com/sets/small/SW911617-1.jpg?201611180944,Palpatine's Shuttle,
,https://images.brickset.com/sets/small/SWDVD-1.jpg?201609100910,LEGO Star Wars: The Freemaker Adventures - Complete Season One (DVD/Blu-ray),
,https://images.brickset.com/sets/small/TRUCAPAM-1.jpg?201608280908,Captain America Mosaic,
,https://images.brickset.com/sets/small/TRUCOGSWORTH-1.jpg?201609280917,Cogsworth,
,https://images.brickset.com/sets/small/TRUFALCON-1.jpg?201605090654,Millennium Falcon,
,https://images.brickset.com/sets/small/TRUFRANK-1.jpg?201710290835,Frankenstein's Monster,
,https://images.brickset.com/sets/small/TRULUMIERE-1.jpg?201609280918,Lumiere,
,https://images.brickset.com/sets/small/TRUNEXO-1.jpg?201605090646,Nexo Knights Shield Dock ,
,https://images.brickset.com/sets/small/TRUPODIUM-1.jpg?201606211047,Winner's Podium,
